Workbook

Sheet Executive Summary

Sheet Cohort Retention & LTV
C6: Retention Rate Avg | D6: Month Index
C7: Cohort Month | D7: 0 | E7: 1 | F7: 2 | G7: 3 | H7: 4 | I7: 5
C8: 43313 | D8: 1
C9: 43282 | D9: 1 | E9: 0.0052
C10: 43252 | D10: 1 | E10: 0.0043 | F10: 0.0027
C11: 43221 | D11: 1 | E11: 0.0052 | F11: 0.0026 | G11: 0.0018
C12: 43191 | D12: 1 | E12: 0.0059 | F12: 0.003 | G12: 0.0024 | H12: 0.0014
C13: 43160 | D13: 1 | E13: 0.004 | F13: 0.003 | G13: 0.003 | H13: 0.0012 | I13: 0.0012
C14: 43132 | D14: 1 | E14: 0.0035 | F14: 0.004 | G14: 0.003 | H14: 0.0025 | I14: 0.0022
C15: 43101 | D15: 1 | E15: 0.0034 | F15: 0.0037 | G15: 0.0029 | H15: 0.0029 | I15: 0.0016
C16: 43070 | D16: 1 | E16: 0.0021 | F16: 0.0028 | G16: 0.0034 | H16: 0.0026 | I16: 0.0021
C17: 43040 | D17: 1 | E17: 0.0057 | F17: 0.0037 | G17: 0.0017 | H17: 0.0017 | I17: 0.0018
C18: 43009 | D18: 1 | E18: 0.0072 | F18: 0.0025 | G18: 0.0009 | H18: 0.0023 | I18: 0.0021
C19: 42979 | D19: 1 | E19: 0.007 | F19: 0.0055 | G19: 0.0027 | H19: 0.0045 | I19: 0.0022
C20: 42948 | D20: 1 | E20: 0.0069 | F20: 0.0035 | G20: 0.0027 | H20: 0.0035 | I20: 0.0052
C21: 42917 | D21: 1 | E21: 0.0053 | F21: 0.0035 | G21: 0.0024 | H21: 0.0029 | I21: 0.0021
C22: 42887 | D22: 1 | E22: 0.0049 | F22: 0.004 | G22: 0.0043 | H22: 0.003 | I22: 0.004
C23: 42856 | D23: 1 | E23: 0.0046 | F23: 0.0046 | G23: 0.0029 | H23: 0.0029 | I23: 0.0032
C24: 42826 | D24: 1 | E24: 0.0062 | F24: 0.0022 | G24: 0.0018 | H24: 0.0027 | I24: 0.0027
... C27: 42736 | D27: 1 | E27: 0.0028 | F27: 0.0028 | G27: 0.0014 | H27: 0.0042 | I27: 0.0014

Sheet Category Portfolio & Mix

Sheet Geo & CX Impact
B4: Total Orders | C4: Customer
B5: Seller | C5: SP | D5: RJ | E5: MG | F5: RS | G5: PR | H5: SC | I5: BA | J5: DF | K5: ES | L5: GO
B6: SP | C6: 31334 | D6: 8435 | E6: 7569 | F6: 3656 | G6: 3167 | H6: 2364 | I6: 2384 | J6: 1412 | K6: 1490 | L6: 1460
B7: MG | C7: 2627 | D7: 1192 | E7: 1563 | F7: 282 | G7: 367 | H7: 258 | I7: 379 | J7: 193 | K7: 180 | L7: 155
B8: PR | C8: 3004 | D8: 1002 | E8: 837 | F8: 594 | G8: 724 | H8: 397 | I8: 147 | J8: 151 | K8: 108 | L8: 90
B9: RJ | C9: 1369 | D9: 979 | E9: 562 | F9: 207 | G9: 206 | H9: 117 | I9: 138 | J9: 102 | K9: 100 | L9: 108
B10: SC | C10: 1342 | D10: 481 | E10: 439 | F10: 298 | G10: 287 | H10: 265 | I10: 84 | J10: 70 | K10: 52 | L10: 56
B11: RS | C11: 682 | D11: 247 | E11: 190 | F11: 290 | G11: 142 | H11: 119 | I11: 42 | J11: 49 | K11: 24 | L11: 23
B12: DF | C12: 314 | D12: 101 | E12: 101 | F12: 22 | G12: 28 | H12: 21 | I12: 36 | J12: 50 | K12: 19 | L12: 30
B13: BA | C13: 141 | D13: 85 | E13: 53 | F13: 22 | G13: 11 | H13: 16 | I13: 70 | J13: 17 | K13: 11 | L13: 8
B14: GO | C14: 130 | D14: 58 | E14: 85 | F14: 13 | G14: 9 | H14: 10 | I14: 8 | J14: 29 | K14: 5 | L14: 31
B15: PE | C15: 105 | D15: 43 | E15: 62 | F15: 13 | G15: 9 | H15: 9 | I15: 26 | J15: 16 | K15: 17 | L15: 12
F24: Repeat Rate | G24: Delivery
F25: Review Tier | G25: On-Time | H25: Late | I25: Repeat Lift
F26: high_4_5 | G26: 0.0206 | H26: 0.0212 | I26: =(GETPIVOTDATA("repeat_rate_90d",$F$24,"Delivery","Late","Review Tier","high_4_5")-GETPIVOTDATA("repeat_rate_90d",$F$24,"Delivery","On-Time","Review Tier","high_4_5")) / GETPIVOTDATA("repeat_rate_90d",$F$24,"Delivery","On-Time","Review Tier","high_4_5") -> 0.029126214
F27: low_1_2 | G27: 0.0266 | H27: 0.0163 | I27: =(GETPIVOTDATA("repeat_rate_90d",$F$24,"Delivery","Late","Review Tier","low_1_2")-GETPIVOTDATA("repeat_rate_90d",$F$24,"Delivery","On-Time","Review Tier","low_1_2"))/GETPIVOTDATA("repeat_rate_90d",$F$24,"Delivery","On-Time","Review Tier","low_1_2") -> -0.38721805
F28: mid_3 | G28: 0.0215 | H28: 0.0266 | I28: =(GETPIVOTDATA("repeat_rate_90d",$F$24,"Delivery","Late","Review Tier","mid_3")-GETPIVOTDATA("repeat_rate_90d",$F$24,"Delivery","On-Time","Review Tier","mid_3"))/GETPIVOTDATA("repeat_rate_90d",$F$24,"Delivery","On-Time","Review Tier","mid_3") -> 0.2372093

Sheet cohort_ltv_month
A1: cohort_month | B1: month_index | C1: cohort_size | D1: active_customers | E1: orders | F1: gross_revenue | G1: retention_rate | H1: revenue_per_cohort_customer | I1: cumulative_revenue_per_cohort_customer
A2: 42614 | B2: 0 | C2: 1 | D2: 1 | E2: 1 | F2: 143.46 | G2: 1 | H2: 143.46 | I2: 143.46
A3: 42644 | B3: 0 | C3: 262 | D3: 262 | E3: 265 | F3: 46490.66 | G3: 1 | H3: 177.45 | I3: 177.45
A4: 42644 | B4: 6 | C4: 262 | D4: 1 | E4: 1 | F4: 111.3 | G4: 0.0038 | H4: 0.42 | I4: 177.87
A5: 42644 | B5: 9 | C5: 262 | D5: 1 | E5: 1 | F5: 356.13 | G5: 0.0038 | H5: 1.36 | I5: 179.23
A6: 42644 | B6: 11 | C6: 262 | D6: 1 | E6: 1 | F6: 56.78 | G6: 0.0038 | H6: 0.22 | I6: 179.45
A7: 42644 | B7: 13 | C7: 262 | D7: 1 | E7: 1 | F7: 163.53 | G7: 0.0038 | H7: 0.62 | I7: 180.07
A8: 42644 | B8: 15 | C8: 262 | D8: 1 | E8: 1 | F8: 381 | G8: 0.0038 | H8: 1.45 | I8: 181.52
A9: 42644 | B9: 17 | C9: 262 | D9: 1 | E9: 1 | F9: 116.57 | G9: 0.0038 | H9: 0.44 | I9: 181.97
A10: 42644 | B10: 19 | C10: 262 | D10: 2 | E10: 2 | F10: 384.01 | G10: 0.0076 | H10: 1.47 | I10: 183.44
A11: 42644 | B11: 20 | C11: 262 | D11: 2 | E11: 2 | F11: 181.37 | G11: 0.0076 | H11: 0.69 | I11: 184.13
A12: 42705 | B12: 0 | C12: 1 | D12: 1 | E12: 1 | F12: 19.62 | G12: 1 | H12: 19.62 | I12: 19.62
A13: 42705 | B13: 1 | C13: 1 | D13: 1 | E13: 1 | F13: 19.62 | G13: 1 | H13: 19.62 | I13: 39.24
... A220: 43313 | B220: 0 | C220: 6144 | D220: 6144 | E220: 6180 | F220: 963030.33 | G220: 1 | H220: 156.74 | I220: 156.74

Sheet geo_flows
A1: week_start | B1: seller_state | C1: customer_state | D1: orders | E1: gross_revenue | F1: aov_proxy | G1: delivered_orders | H1: reviewed_orders | I1: avg_delivery_days | J1: late_delivery_rate | K1: avg_review_score | L1: lane | M1: is_instrastate
A2: 42737 | B2: PR | C2: MG | D2: 1 | E2: 389.43 | F2: 389.43 | G2: 1 | H2: 1 | I2: 11 | J2: 0 | K2: 5 | L2: PR -> MG | M2: FALSE
A3: 42737 | B3: PR | C3: PR | D3: 29 | E3: 539.98 | F3: 18.62 | G3: 29 | H3: 29 | I3: 11.14 | J3: 0 | K3: 5 | L3: PR -> PR | M3: TRUE
A4: 42737 | B4: PR | C4: SC | D4: 1 | E4: 256.79 | F4: 256.79 | G4: 1 | H4: 1 | I4: 9 | J4: 0 | K4: 5 | L4: PR -> SC | M4: FALSE
A5: 42737 | B5: PR | C5: SP | D5: 1 | E5: 24.42 | F5: 24.42 | G5: 1 | H5: 1 | I5: 7 | J5: 0 | K5: 5 | L5: PR -> SP | M5: FALSE
A6: 42737 | B6: RJ | C6: MG | D6: 1 | E6: 175.28 | F6: 175.28 | G6: 1 | H6: 1 | I6: 7 | J6: 0 | K6: 5 | L6: RJ -> MG | M6: FALSE
A7: 42737 | B7: SP | C7: BA | D7: 1 | E7: 91.92 | F7: 91.92 | G7: 1 | H7: 1 | I7: 8 | J7: 0 | K7: 3 | L7: SP -> BA | M7: FALSE
A8: 42737 | B8: SP | C8: ES | D8: 1 | E8: 50.95 | F8: 50.95 | G8: 1 | H8: 1 | I8: 8 | J8: 0 | K8: 4 | L8: SP -> ES | M8: FALSE
A9: 42737 | B9: SP | C9: MG | D9: 1 | E9: 124.84 | F9: 124.84 | G9: 1 | H9: 1 | I9: 7 | J9: 0 | K9: 4 | L9: SP -> MG | M9: FALSE
A10: 42737 | B10: SP | C10: PR | D10: 1 | E10: 846.52 | F10: 846.52 | G10: 1 | H10: 1 | I10: 18 | J10: 0 | K10: 1 | L10: SP -> PR | M10: FALSE
A11: 42737 | B11: SP | C11: RJ | D11: 5 | E11: 575.68 | F11: 115.14 | G11: 3 | H11: 5 | I11: 7.67 | J11: 0 | K11: 3 | L11: SP -> RJ | M11: FALSE
A12: 42737 | B12: SP | C12: RN | D12: 1 | E12: 666.71 | F12: 666.71 | G12: 1 | H12: 1 | I12: 11 | J12: 0 | K12: 5 | L12: SP -> RN | M12: FALSE
A13: 42737 | B13: SP | C13: SP | D13: 3 | E13: 210.65 | F13: 70.22 | G13: 3 | H13: 3 | I13: 25 | J13: 0.3333 | K13: 3.67 | L13: SP -> SP | M13: TRUE
A14: 42744 | B14: BA | C14: GO | D14: 1 | E14: 366.26 | F14: 366.26 | G14: 1 | H14: 1 | I14: 33 | J14: 0 | K14: 5 | L14: BA -> GO | M14: FALSE
A15: 42744 | B15: BA | C15: SC | D15: 1 | E15: 782.74 | F15: 782.74 | G15: 0 | H15: 1 | K15: 1 | L15: BA -> SC | M15: FALSE
A16: 42744 | B16: BA | C16: SP | D16: 1 | E16: 782.34 | F16: 782.34 | G16: 0 | H16: 1 | K16: 4 | L16: BA -> SP | M16: FALSE
A17: 42744 | B17: DF | C17: MG | D17: 5 | E17: 2095.3 | F17: 419.06 | G17: 5 | H17: 5 | I17: 12.2 | J17: 0 | K17: 3 | L17: DF -> MG | M17: FALSE
A18: 42744 | B18: DF | C18: PR | D18: 1 | E18: 429.7 | F18: 429.7 | G18: 1 | H18: 1 | I18: 10 | J18: 0 | K18: 5 | L18: DF -> PR | M18: FALSE
A19: 42744 | B19: DF | C19: RJ | D19: 1 | E19: 424.04 | F19: 424.04 | G19: 1 | H19: 1 | I19: 13 | J19: 0 | K19: 3 | L19: DF -> RJ | M19: FALSE
A20: 42744 | B20: DF | C20: SP | D20: 2 | E20: 850.14 | F20: 425.07 | G20: 2 | H20: 2 | I20: 12 | J20: 0 | K20: 4.5 | L20: DF -> SP | M20: FALSE
A21: 42744 | B21: MG | C21: DF | D21: 1 | E21: 44.01 | F21: 44.01 | G21: 1 | H21: 1 | I21: 59 | J21: 1 | K21: 3 | L21: MG -> DF | M21: FALSE
A22: 42744 | B22: MG | C22: GO | D22: 1 | E22: 50.95 | F22: 50.95 | G22: 1 | H22: 1 | I22: 11 | J22: 0 | K22: 5 | L22: MG -> GO | M22: FALSE
A23: 42744 | B23: MG | C23: MG | D23: 1 | E23: 50.24 | F23: 50.24 | G23: 1 | H23: 1 | I23: 4 | J23: 0 | K23: 5 | L23: MG -> MG | M23: TRUE
A24: 42744 | B24: MG | C24: PR | D24: 1 | E24: 117.27 | F24: 117.27 | G24: 1 | H24: 1 | I24: 6 | J24: 0 | K24: 5 | L24: MG -> PR | M24: FALSE
A25: 42744 | B25: MG | C25: RJ | D25: 1 | E25: 108.12 | F25: 108.12 | G25: 1 | H25: 1 | I25: 46 | J25: 0 | K25: 1 | L25: MG -> RJ | M25: FALSE
A26: 42744 | B26: MG | C26: SP | D26: 2 | E26: 157.13 | F26: 78.57 | G26: 2 | H26: 2 | I26: 7.67 | J26: 0 | K26: 5 | L26: MG -> SP | M26: FALSE
A27: 42744 | B27: PR | C27: BA | D27: 1 | E27: 374.28 | F27: 374.28 | G27: 1 | H27: 1 | I27: 12 | J27: 0 | K27: 2 | L27: PR -> BA | M27: FALSE
A28: 42744 | B28: PR | C28: DF | D28: 2 | E28: 195.4 | F28: 97.7 | G28: 2 | H28: 2 | I28: 14.5 | J28: 0 | K28: 4.5 | L28: PR -> DF | M28: FALSE
A29: 42744 | B29: PR | C29: MG | D29: 1 | E29: 62.19 | F29: 62.19 | G29: 1 | H29: 1 | I29: 12 | J29: 0 | K29: 5 | L29: PR -> MG | M29: FALSE
A30: 42744 | B30: PR | C30: PA | D30: 1 | E30: 268.53 | F30: 268.53 | G30: 0 | H30: 1 | K30: 3 | L30: PR -> PA | M30: FALSE
A31: 42744 | B31: PR | C31: PR | D31: 2 | E31: 67.48 | F31: 33.74 | G31: 2 | H31: 2 | I31: 7 | J31: 0 | K31: 5 | L31: PR -> PR | M31: TRUE
A32: 42744 | B32: PR | C32: RJ | D32: 2 | E32: 880.43 | F32: 440.22 | G32: 2 | H32: 2 | I32: 16 | J32: 0 | K32: 1 | L32: PR -> RJ | M32: FALSE
A33: 42744 | B33: PR | C33: SC | D33: 2 | E33: 429.01 | F33: 214.51 | G33: 2 | H33: 2 | I33: 16.5 | J33: 0 | K33: 4.5 | L33: PR -> SC | M33: FALSE
A34: 42744 | B34: PR | C34: SP | D34: 2 | E34: 205.79 | F34: 102.9 | G34: 2 | H34: 2 | I34: 26 | J34: 0.5 | K34: 1 | L34: PR -> SP | M34: FALSE
A35: 42744 | B35: RJ | C35: DF | D35: 1 | E35: 54.95 | F35: 54.95 | G35: 1 | H35: 1 | I35: 16 | J35: 0 | K35: 5 | L35: RJ -> DF | M35: FALSE
A36: 42744 | B36: RJ | C36: MG | D36: 1 | E36: 367.65 | F36: 367.65 | G36: 1 | H36: 1 | I36: 4 | J36: 0 | K36: 5 | L36: RJ -> MG | M36: FALSE
A37: 42744 | B37: RS | C37: SC | D37: 1 | E37: 191.4 | F37: 191.4 | G37: 1 | H37: 1 | I37: 10 | J37: 0 | K37: 1 | L37: RS -> SC | M37: FALSE
A38: 42744 | B38: SC | C38: MG | D38: 1 | E38: 159.18 | F38: 159.18 | G38: 1 | H38: 1 | I38: 8 | J38: 0 | K38: 5 | L38: SC -> MG | M38: FALSE
A39: 42744 | B39: SC | C39: SC | D39: 1 | E39: 517.59 | F39: 517.59 | G39: 1 | H39: 1 | I39: 8 | J39: 0 | K39: 5 | L39: SC -> SC | M39: TRUE
A40: 42744 | B40: SC | C40: SP | D40: 1 | E40: 176.23 | F40: 176.23 | G40: 1 | H40: 1 | I40: 8 | J40: 0 | K40: 5 | L40: SC -> SP | M40: FALSE
A41: 42744 | B41: SP | C41: CE | D41: 2 | E41: 364.18 | F41: 182.09 | G41: 2 | H41: 2 | I41: 58.5 | J41: 0.5 | K41: 3 | L41: SP -> CE | M41: FALSE
A42: 42744 | B42: SP | C42: DF | D42: 1 | E42: 77.16 | F42: 77.16 | G42: 1 | H42: 1 | I42: 11 | J42: 0 | K42: 5 | L42: SP -> DF | M42: FALSE
... A45: 42744 | B45: SP | C45: PA | D45: 1 | E45: 84.81 | F45: 84.81 | G45: 1 | H45: 1 | I45: 27 | J45: 0 | K45: 5 | L45: SP -> PA | M45: FALSE
A46: 42744 | B46: SP | C46: PR | D46: 1 | E46: 180.81 | F46: 180.81 | G46: 0 | H46: 1 | K46: 1 | L46: SP -> PR | M46: FALSE
A47: 42744 | B47: SP | C47: RJ | D47: 6 | E47: 722.97 | F47: 120.5 | G47: 6 | H47: 6 | I47: 19.5 | J47: 0.1667 | K47: 4.83 | L47: SP -> RJ | M47: FALSE
A48: 42744 | B48: SP | C48: RS | D48: 2 | E48: 196.04 | F48: 98.02 | G48: 2 | H48: 2 | I48: 11.29 | J48: 0 | K48: 3.29 | L48: SP -> RS | M48: FALSE
A49: 42744 | B49: SP | C49: SC | D49: 1 | E49: 104.65 | F49: 104.65 | G49: 1 | H49: 1 | I49: 16 | J49: 0 | K49: 5 | L49: SP -> SC | M49: FALSE
A50: 42744 | B50: SP | C50: SE | D50: 1 | E50: 88.29 | F50: 88.29 | G50: 1 | H50: 1 | I50: 10 | J50: 0 | K50: 5 | L50: SP -> SE | M50: FALSE
A51: 42744 | B51: SP | C51: SP | D51: 16 | E51: 1564.93 | F51: 97.81 | G51: 14 | H51: 15 | I51: 9 | J51: 0 | K51: 3.69 | L51: SP -> SP | M51: TRUE
A52: 42751 | B52: ES | C52: SC | D52: 1 | E52: 32.77 | F52: 32.77 | G52: 0 | H52: 1 | K52: 1 | L52: ES -> SC | M52: FALSE
A53: 42751 | B53: MG | C53: BA | D53: 1 | E53: 93.72 | F53: 93.72 | G53: 1 | H53: 1 | I53: 10 | J53: 0 | K53: 4 | L53: MG -> BA | M53: FALSE
A54: 42751 | B54: MG | C54: ES | D54: 1 | E54: 35.42 | F54: 35.42 | G54: 1 | H54: 1 | I54: 7 | J54: 0 | K54: 4 | L54: MG -> ES | M54: FALSE
A55: 42751 | B55: MG | C55: GO | D55: 1 | E55: 35.95 | F55: 35.95 | G55: 1 | H55: 1 | I55: 5 | J55: 0 | K55: 5 | L55: MG -> GO | M55: FALSE
A56: 42751 | B56: MG | C56: MG | D56: 4 | E56: 956.46 | F56: 239.12 | G56: 4 | H56: 4 | I56: 5 | J56: 0 | K56: 4.67 | L56: MG -> MG | M56: TRUE
A57: 42751 | B57: MG | C57: PB | D57: 1 | E57: 84.52 | F57: 84.52 | G57: 1 | H57: 1 | I57: 10 | J57: 0 | K57: 5 | L57: MG -> PB | M57: FALSE
A58: 42751 | B58: MG | C58: RJ | D58: 5 | E58: 389.01 | F58: 77.8 | G58: 5 | H58: 4 | I58: 23.5 | J58: 0 | K58: 3.5 | L58: MG -> RJ | M58: FALSE
A59: 42751 | B59: MG | C59: RS | D59: 1 | E59: 75.73 | F59: 75.73 | G59: 1 | H59: 1 | I59: 11 | J59: 0 | K59: 5 | L59: MG -> RS | M59: FALSE
A60: 42751 | B60: MG | C60: SC | D60: 1 | E60: 80.55 | F60: 80.55 | G60: 1 | H60: 1 | I60: 17 | J60: 0 | K60: 5 | L60: MG -> SC | M60: FALSE
A61: 42751 | B61: MG | C61: SP | D61: 4 | E61: 287.41 | F61: 71.85 | G61: 4 | H61: 4 | I61: 7 | J61: 0 | K61: 4.25 | L61: MG -> SP | M61: FALSE
A62: 42751 | B62: PR | C62: ES | D62: 1 | E62: 371.05 | F62: 371.05 | G62: 1 | H62: 1 | I62: 11 | J62: 0 | K62: 5 | L62: PR -> ES | M62: FALSE
A63: 42751 | B63: PR | C63: GO | D63: 1 | E63: 93.84 | F63: 93.84 | G63: 1 | H63: 1 | I63: 9 | J63: 0 | K63: 5 | L63: PR -> GO | M63: FALSE
A64: 42751 | B64: PR | C64: MG | D64: 3 | E64: 478.94 | F64: 159.65 | G64: 3 | H64: 3 | I64: 8.33 | J64: 0 | K64: 5 | L64: PR -> MG | M64: FALSE
... A78: 42751 | B78: RS | C78: SP | D78: 2 | E78: 760.7 | F78: 380.35 | G78: 2 | H78: 2 | I78: 23 | J78: 0 | K78: 3 | L78: RS -> SP | M78: FALSE
A79: 42751 | B79: SC | C79: MG | D79: 1 | E79: 115.27 | F79: 115.27 | G79: 0 | H79: 1 | K79: 5 | L79: SC -> MG | M79: FALSE
A80: 42751 | B80: SC | C80: PA | D80: 1 | E80: 159.11 | F80: 159.11 | G80: 1 | H80: 1 | I80: 19 | J80: 0 | K80: 5 | L80: SC -> PA | M80: FALSE
A81: 42751 | B81: SC | C81: RJ | D81: 1 | E81: 36.04 | F81: 36.04 | G81: 1 | H81: 1 | I81: 14 | J81: 0 | K81: 5 | L81: SC -> RJ | M81: FALSE
A82: 42751 | B82: SC | C82: SC | D82: 1 | E82: 186.46 | F82: 186.46 | G82: 1 | H82: 1 | I82: 8 | J82: 0 | K82: 5 | L82: SC -> SC | M82: TRUE
A83: 42751 | B83: SC | C83: SP | D83: 3 | E83: 533.61 | F83: 177.87 | G83: 3 | H83: 3 | I83: 13.29 | J83: 0 | K83: 4.29 | L83: SC -> SP | M83: FALSE
A84: 42751 | B84: SP | C84: AC | D84: 2 | E84: 723.14 | F84: 361.57 | G84: 2 | H84: 2 | I84: 20 | J84: 0 | K84: 2 | L84: SP -> AC | M84: FALSE
A85: 42751 | B85: SP | C85: BA | D85: 2 | E85: 254.19 | F85: 127.1 | G85: 2 | H85: 2 | I85: 11.5 | J85: 0 | K85: 4.5 | L85: SP -> BA | M85: FALSE
A86: 42751 | B86: SP | C86: CE | D86: 1 | E86: 73.61 | F86: 73.61 | G86: 1 | H86: 1 | I86: 15 | J86: 0 | K86: 3 | L86: SP -> CE | M86: FALSE
A87: 42751 | B87: SP | C87: DF | D87: 4 | E87: 402.39 | F87: 100.6 | G87: 4 | H87: 4 | I87: 12 | J87: 0 | K87: 2.75 | L87: SP -> DF | M87: FALSE
A88: 42751 | B88: SP | C88: ES | D88: 3 | E88: 931.62 | F88: 310.54 | G88: 2 | H88: 3 | I88: 19.5 | J88: 0 | K88: 3.33 | L88: SP -> ES | M88: FALSE
A89: 42751 | B89: SP | C89: GO | D89: 1 | E89: 125.82 | F89: 125.82 | G89: 1 | H89: 1 | I89: 11 | J89: 0 | K89: 5 | L89: SP -> GO | M89: FALSE
A90: 42751 | B90: SP | C90: MA | D90: 2 | E90: 159.15 | F90: 79.58 | G90: 1 | H90: 2 | I90: 19 | J90: 0 | K90: 4 | L90: SP -> MA | M90: FALSE
A91: 42751 | B91: SP | C91: MG | D91: 18 | E91: 3024.2 | F91: 168.01 | G91: 18 | H91: 18 | I91: 13.55 | J91: 0 | K91: 4.69 | L91: SP -> MG | M91: FALSE
... A103: 42758 | B103: BA | C103: RJ | D103: 1 | E103: 149.99 | F103: 149.99 | G103: 1 | H103: 1 | I103: 13 | J103: 0 | K103: 5 | L103: BA -> RJ | M103: FALSE
A104: 42758 | B104: BA | C104: SC | D104: 1 | E104: 685.69 | F104: 685.69 | G104: 0 | H104: 1 | K104: 1 | L104: BA -> SC | M104: FALSE
A105: 42758 | B105: CE | C105: SP | D105: 2 | E105: 78.82 | F105: 39.41 | G105: 2 | H105: 2 | I105: 12.5 | J105: 0 | K105: 5 | L105: CE -> SP | M105: FALSE
A106: 42758 | B106: DF | C106: MG | D106: 1 | E106: 96.54 | F106: 96.54 | G106: 1 | H106: 1 | I106: 13 | J106: 0 | K106: 5 | L106: DF -> MG | M106: FALSE
A107: 42758 | B107: DF | C107: PE | D107: 1 | E107: 186.49 | F107: 186.49 | G107: 1 | H107: 1 | I107: 9 | J107: 0 | K107: 5 | L107: DF -> PE | M107: FALSE
A108: 42758 | B108: DF | C108: SP | D108: 1 | E108: 182.89 | F108: 182.89 | G108: 1 | H108: 1 | I108: 9 | J108: 0 | K108: 5 | L108: DF -> SP | M108: FALSE
A109: 42758 | B109: ES | C109: SP | D109: 2 | E109: 171.32 | F109: 85.66 | G109: 1 | H109: 2 | I109: 11 | J109: 0 | K109: 3 | L109: ES -> SP | M109: FALSE
A110: 42758 | B110: MG | C110: BA | D110: 2 | E110: 285.2 | F110: 142.6 | G110: 2 | H110: 2 | I110: 17 | J110: 0 | K110: 5 | L110: MG -> BA | M110: FALSE
A111: 42758 | B111: MG | C111: DF | D111: 1 | E111: 50.04 | F111: 50.04 | G111: 1 | H111: 1 | I111: 7 | J111: 0 | K111: 5 | L111: MG -> DF | M111: FALSE
A112: 42758 | B112: MG | C112: GO | D112: 1 | E112: 156.58 | F112: 156.58 | G112: 1 | H112: 1 | I112: 8 | J112: 0 | K112: 4 | L112: MG -> GO | M112: FALSE
A113: 42758 | B113: MG | C113: MG | D113: 7 | E113: 780.6 | F113: 111.51 | G113: 7 | H113: 7 | I113: 5.75 | J113: 0 | K113: 4.5 | L113: MG -> MG | M113: TRUE
A114: 42758 | B114: MG | C114: MT | D114: 1 | E114: 234.59 | F114: 234.59 | G114: 1 | H114: 1 | I114: 19 | J114: 0 | K114: 5 | L114: MG -> MT | M114: FALSE
A115: 42758 | B115: MG | C115: PA | D115: 1 | E115: 44.74 | F115: 44.74 | G115: 1 | H115: 1 | I115: 15 | J115: 0 | K115: 5 | L115: MG -> PA | M115: FALSE
A116: 42758 | B116: MG | C116: PR | D116: 2 | E116: 242.81 | F116: 121.41 | G116: 1 | H116: 2 | I116: 8 | J116: 0 | K116: 1.5 | L116: MG -> PR | M116: FALSE
... A123: 42758 | B123: PR | C123: BA | D123: 1 | E123: 394.52 | F123: 394.52 | G123: 1 | H123: 1 | I123: 15 | J123: 0 | K123: 1 | L123: PR -> BA | M123: FALSE
A124: 42758 | B124: PR | C124: CE | D124: 1 | E124: 181 | F124: 181 | G124: 0 | H124: 1 | K124: 2 | L124: PR -> CE | M124: FALSE
A125: 42758 | B125: PR | C125: GO | D125: 3 | E125: 567.39 | F125: 189.13 | G125: 3 | H125: 3 | I125: 14.33 | J125: 0 | K125: 4.67 | L125: PR -> GO | M125: FALSE
A126: 42758 | B126: PR | C126: MG | D126: 5 | E126: 1467.52 | F126: 293.5 | G126: 5 | H126: 5 | I126: 11.6 | J126: 0 | K126: 5 | L126: PR -> MG | M126: FALSE
A127: 42758 | B127: PR | C127: MT | D127: 4 | E127: 763.27 | F127: 190.82 | G127: 2 | H127: 4 | I127: 13.2 | J127: 0 | K127: 2.71 | L127: PR -> MT | M127: FALSE
A128: 42758 | B128: PR | C128: PE | D128: 1 | E128: 144 | F128: 144 | G128: 1 | H128: 1 | I128: 34 | J128: 0 | K128: 4 | L128: PR -> PE | M128: FALSE
A129: 42758 | B129: PR | C129: PR | D129: 2 | E129: 448.4 | F129: 224.2 | G129: 2 | H129: 2 | I129: 8 | J129: 0 | K129: 5 | L129: PR -> PR | M129: TRUE
A130: 42758 | B130: PR | C130: RJ | D130: 2 | E130: 637.08 | F130: 318.54 | G130: 2 | H130: 2 | I130: 11 | J130: 0 | K130: 4 | L130: PR -> RJ | M130: FALSE
A131: 42758 | B131: PR | C131: RS | D131: 4 | E131: 2236 | F131: 559 | G131: 4 | H131: 4 | I131: 9.8 | J131: 0 | K131: 5 | L131: PR -> RS | M131: FALSE
A132: 42758 | B132: PR | C132: SC | D132: 2 | E132: 318.48 | F132: 159.24 | G132: 2 | H132: 2 | I132: 66.67 | J132: 0.6667 | K132: 4.33 | L132: PR -> SC | M132: FALSE
...

Sheet retention_90d
A1: late_delivery | B1: review_bucket | C1: customers | D1: repeat_rate_90d
A2: FALSE | B2: no_review | C2: 469 | D2: 0.0213
A3: FALSE | B3: low_1_2 | C3: 8014 | D3: 0.0266
A4: FALSE | B4: mid_3 | C4: 6981 | D4: 0.0215
A5: FALSE | B5: high_4_5 | C5: 71445 | D5: 0.0206
A6: TRUE | B6: no_review | C6: 146 | D6: 0.0274
A7: TRUE | B7: low_1_2 | C7: 3874 | D7: 0.0163
A8: TRUE | B8: mid_3 | C8: 677 | D8: 0.0266
A9: TRUE | B9: high_4_5 | C9: 1648 | D9: 0.0212

Sheet category_trends
A1: week_start | B1: product_category_name | C1: product_category_name_english | D1: orders | E1: items | F1: gross_revenue | G1: item_revenue | H1: freight_revenue | I1: aov
A2: 42737 | B2: beleza_saude | C2: health_beauty | D2: 2 | E2: 2 | F2: 1056.14 | G2: 1006 | H2: 50.14 | I2: 503
A3: 42737 | B3: cool_stuff | C3: cool_stuff | D3: 1 | E3: 2 | F3: 846.52 | G3: 798 | H3: 48.52 | I3: 798
A4: 42737 | B4: ferramentas_jardim | C4: garden_tools | D4: 2 | E4: 2 | F4: 348.71 | G4: 304.9 | H4: 43.81 | I4: 152.45
A5: 42737 | B5: fashion_bolsas_e_acessorios | C5: fashion_bags_accessories | D5: 10 | E5: 10 | F5: 317.95 | G5: 228.09 | H5: 89.86 | I5: 22.809
A6: 42737 | B6: brinquedos | C6: toys | D6: 3 | E6: 3 | F6: 243.85 | G6: 203.79 | H6: 40.06 | I6: 67.93
A7: 42737 | B7: relogios_presentes | C7: watches_gifts | D7: 1 | E7: 1 | F7: 164.21 | G7: 149 | H7: 15.21 | I7: 149
A8: 42737 | B8: moveis_quarto | C8: furniture_bedroom | D8: 8 | E8: 8 | F8: 148.76 | G8: 73.2 | H8: 75.56 | I8: 9.15
A9: 42737 | B9: consoles_games | C9: consoles_games | D9: 1 | E9: 1 | F9: 124.84 | G9: 109.9 | H9: 14.94 | I9: 109.9
A10: 42737 | B10: pet_shop | C10: pet_shop | D10: 5 | E10: 5 | F10: 86.1 | G10: 42.5 | H10: 43.6 | I10: 8.5
A11: 42737 | B11: cama_mesa_banho | C11: bed_bath_table | D11: 1 | E11: 1 | F11: 84.59 | G11: 68.9 | H11: 15.69 | I11: 68.9
A12: 42737 | B12: moveis_decoracao | C12: furniture_decor | D12: 1 | E12: 1 | F12: 47.83 | G12: 34.9 | H12: 12.93 | I12: 34.9
A13: 42737 | B13: telefonia_fixa | C13: fixed_telephony | D13: 2 | E13: 2 | F13: 46.55 | G13: 21.48 | H13: 25.07 | I13: 10.74
... A4380: 43332 | B4380: dvds_blu_ray | C4380: dvds_blu_ray | D4380: 1 | E4380: 1 | F4380: 16.29 | G4380: 8.9 | H4380: 7.39 | I4380: 8.9

Sheet kpis_weekly
A1: week_start | B1: orders | C1: gross_revenue | D1: item_revenue | E1: freight_revenue | F1: aov | G1: order_value_incl_shipping | H1: shipping_per_order | I1: shipping_share | J1: items_per_order | K1: delivered_rate | L1: canceled_rate | M1: orders_4wk_avg | N1: revenue_4wk_avg | O1: aov_4wk_avg | P1: delivered_orders | Q1: canceled_orders
A2: 42737 | B2: 46 | C2: 3953.17 | D2: 3374.76 | E2: 578.41 | F2: 73.36 | G2: 85.94 | H2: 12.57 | I2: 0.1463 | J2: 1.02 | K2: 0.9565 | L2: 0 | M2: 21.75 | N2: 2116.55 | O2: 44.74 | P2: 43.999 | Q2: 0
A3: 42744 | B3: 80 | C3: 14742.33 | D3: 12937.24 | E3: 1805.09 | F3: 161.72 | G3: 184.28 | H3: 22.56 | I3: 0.1224 | J3: 1.11 | K3: 0.9125 | L3: 0.025 | M3: 32 | N3: 4678.78 | O3: 61.5 | P3: 73 | Q3: 2
A4: 42751 | B4: 197 | C4: 28318.24 | D4: 24310.46 | E4: 4007.78 | F4: 123.4 | G4: 143.75 | H4: 20.34 | I4: 0.1415 | J4: 1.21 | K4: 0.9594 | L4: 0 | M4: 81 | N4: 11758.34 | O4: 92.35 | P4: 189.0018 | Q4: 0
A5: 42758 | B5: 354 | C5: 65589.08 | D5: 57773.15 | E5: 7815.93 | F5: 163.2 | G5: 185.28 | H5: 22.08 | I5: 0.1192 | J5: 1.19 | K5: 0.9379 | L5: 0.0028 | M5: 169.25 | N5: 28150.71 | O5: 130.42 | P5: 332.0166 | Q5: 0.9912
A6: 42765 | B6: 467 | C6: 81927.9 | D6: 71710.34 | E6: 10217.56 | F6: 153.56 | G6: 175.43 | H6: 21.88 | I6: 0.1247 | J6: 1.12 | K6: 0.9251 | L6: 0.0086 | M6: 274.5 | N6: 47644.39 | O6: 150.47 | P6: 432.0217 | Q6: 4.0162
A7: 42772 | B7: 548 | C7: 90027.6 | D7: 78487.83 | E7: 11539.77 | F7: 143.23 | G7: 164.28 | H7: 21.06 | I7: 0.1282 | J7: 1.07 | K7: 0.9325 | L7: 0.0073 | M7: 391.5 | N7: 66465.71 | O7: 145.85 | P7: 511.01 | Q7: 4.0004
A8: 42779 | B8: 411 | C8: 63703.67 | D8: 54493.94 | E8: 9209.73 | F8: 132.59 | G8: 155 | H8: 22.41 | I8: 0.1446 | J8: 1.1 | K8: 0.9221 | L8: 0.0073 | M8: 445 | N8: 75312.06 | O8: 148.15 | P8: 378.9831 | Q8: 3.0003
A9: 42786 | B9: 379 | C9: 55800.11 | D9: 47463.29 | E9: 8336.82 | F9: 125.23 | G9: 147.23 | H9: 22 | I9: 0.1494 | J9: 1.14 | K9: 0.9208 | L9: 0.0106 | M9: 451.25 | N9: 72864.82 | O9: 138.65 | P9: 348.9832 | Q9: 4.0174
A10: 42793 | B10: 497 | C10: 83904.75 | D10: 72974.86 | E10: 10929.89 | F10: 146.83 | G10: 168.82 | H10: 21.99 | I10: 0.1303 | J10: 1.12 | K10: 0.9276 | L10: 0.0141 | M10: 458.75 | N10: 73359.03 | O10: 136.97 | P10: 461.0172 | Q10: 7.0077
A11: 42800 | B11: 582 | C11: 91402.52 | D11: 78362.16 | E11: 13040.36 | F11: 134.64 | G11: 157.05 | H11: 22.41 | I11: 0.1427 | J11: 1.14 | K11: 0.9416 | L11: 0.012 | M11: 467.25 | N11: 73702.76 | O11: 134.82 | P11: 548.0112 | Q11: 6.984
A12: 42807 | B12: 615 | C12: 108992.57 | D12: 95524.38 | E12: 13468.19 | F12: 155.32 | G12: 177.22 | H12: 21.9 | I12: 0.1236 | J12: 1.13 | K12: 0.961 | L12: 0.0081 | M12: 518.25 | N12: 85024.99 | O12: 140.51 | P12: 591.015 | Q12: 4.9815
A13: 42814 | B13: 654 | C13: 98406.84 | D13: 84932 | E13: 13474.84 | F13: 129.87 | G13: 150.47 | H13: 20.6 | I13: 0.1369 | J13: 1.11 | K13: 0.9541 | L13: 0.0168 | M13: 587 | N13: 95676.67 | O13: 141.67 | P13: 623.9814 | Q13: 10.9872
... A87: 43332 | B87: 1071 | C87: 146870.04 | D87: 126434.29 | E87: 20435.75 | F87: 118.05 | G87: 137.13 | H87: 19.08 | I87: 0.1391 | J87: 1.11 | K87: 0.9841 | L87: 0.0112 | M87: 1748 | N87: 272632.3 | O87: 131.06 | P87: 1053.9711 | Q87: 11.9952

Sheet new_vs_returning_customers
A1: week_start | B1: new_customers | C1: returning_customers | D1: new_customer_share | E1: new_customer_revenue | F1: returning_customer_revenue | G1: returning_customer_share
A2: 42737 | B2: 30 | C2: 1 | D2: 0.9677 | E2: 3933.55 | F2: 19.62 | G2: 0.032258065
A3: 42744 | B3: 77 | C3: 0 | D3: 1 | E3: 14742.33 | G3: 0
A4: 42751 | B4: 191 | C4: 0 | D4: 1 | E4: 28318.24 | G4: 0
A5: 42758 | B5: 348 | C5: 1 | D5: 0.9971 | E5: 65484.78 | F5: 104.3 | G5: 0.0028653295
A6: 42765 | B6: 459 | C6: 1 | D6: 0.9978 | E6: 81862.85 | F6: 65.05 | G6: 0.002173913
A7: 42772 | B7: 539 | C7: 2 | D7: 0.9963 | E7: 89916.53 | F7: 111.07 | G7: 0.0036968577
A8: 42779 | B8: 404 | C8: 3 | D8: 0.9926 | E8: 63365.46 | F8: 338.21 | G8: 0.0073710074
A9: 42786 | B9: 371 | C9: 4 | D9: 0.9893 | E9: 55445.07 | F9: 355.04 | G9: 0.010666667
A10: 42793 | B10: 484 | C10: 4 | D10: 0.9918 | E10: 83363.31 | F10: 541.44 | G10: 0.0081967213
A11: 42800 | B11: 572 | C11: 1 | D11: 0.9983 | E11: 91323 | F11: 79.52 | G11: 0.0017452007
A12: 42807 | B12: 610 | C12: 1 | D12: 0.9984 | E12: 108514.24 | F12: 478.33 | G12: 0.0016366612
A13: 42814 | B13: 641 | C13: 1 | D13: 0.9984 | E13: 98347.94 | F13: 58.9 | G13: 0.0015576324
A14: 42821 | B14: 554 | C14: 4 | D14: 0.9928 | E14: 98143.64 | F14: 264.99 | G14: 0.0071684588
A15: 42828 | B15: 568 | C15: 6 | D15: 0.9895 | E15: 104707.38 | F15: 1026.58 | G15: 0.010452962
A16: 42835 | B16: 435 | C16: 6 | D16: 0.9864 | E16: 68837.86 | F16: 517.41 | G16: 0.013605442
... A87: 43332 | B87: 1028 | C87: 41 | D87: 0.9616 | E87: 142427.52 | F87: 4442.52 | G87: 0.038353601

Sheet pivots
A3: Total Orders | B3: =SUM(kpis_weekly!B:B) -> 98962
A4: Gross Revenue | B4: =SUM(kpis_weekly!C:C) -> 15774208
A5: Item Revenue | B5: =SUM(kpis_weekly!D:D) -> 13531147
A6: Average AOV | B6: =B5/B3 -> 136.73073
A7: Delivered Rate | B7: =SUM(kpis_weekly!M:M) / SUM(kpis_weekly!B:B) -> 0.97749894
A8: Canceled Rate | B8: =SUM(kpis_weekly!N:N) / SUM(kpis_weekly!B:B) -> 156.0073
A14: Row Labels | B14: Sum of orders | C14: Sum of gross_revenue
A15: 2017 | B15: 45101 | C15: 7142672.4
A16: 2018 | B16: 53861 | C16: 8631535.6
A22: Row Labels | B22: Total Orders
A23: 42737 | B23: 46
A24: 42744 | B24: 80
A25: 42751 | B25: 197
A26: 42758 | B26: 354
A27: 42765 | B27: 467
A28: 42772 | B28: 548
A29: 42779 | B29: 411
A30: 42786 | B30: 379
A31: 42793 | B31: 497
A32: 42800 | B32: 582
A33: 42807 | B33: 615
A34: 42814 | B34: 654
... A108: 43332 | B108: 1071
A115: Row Labels | B115: Gross Revenue
A116: 42737 | B116: 3953.17
A117: 42744 | B117: 14742.33
A118: 42751 | B118: 28318.24
A119: 42758 | B119: 65589.08
A120: 42765 | B120: 81927.9
A121: 42772 | B121: 90027.6
A122: 42779 | B122: 63703.67
A123: 42786 | B123: 55800.11
A124: 42793 | B124: 83904.75
A125: 42800 | B125: 91402.52
A126: 42807 | B126: 108992.57
A127: 42814 | B127: 98406.84
... A201: 43332 | B201: 146870.04
A204: Row Labels | B204: Average of aov_4wk_avg
A205: 42737 | B205: 44.74
A206: 42744 | B206: 61.5
A207: 42751 | B207: 92.35
A208: 42758 | B208: 130.42
A209: 42765 | B209: 150.47
A210: 42772 | B210: 145.85
A211: 42779 | B211: 148.15
A212: 42786 | B212: 138.65
A213: 42793 | B213: 136.97
A214: 42800 | B214: 134.82
A215: 42807 | B215: 140.51
A216: 42814 | B216: 141.67
... A290: 43332 | B290: 131.06
A291: (blank)
A292: Grand Total | B292: 135.17349
A301: Row Labels | B301: Sum of new_customers | C301: Sum of returning_customers | D301: Sum of new_customer_revenue | E301: Sum of returning_customer_revenue
A302: 2017 | B302: 43708 | C302: 772 | D302: 7025311.5 | E302: 117360.96
A303: 2018 | B303: 51939 | C303: 1462 | D303: 8416533.3 | E303: 215002.34
A309: Row Labels | B309: New customers | C309: Returning customers
A310: 42737 | B310: 30 | C310: 1
A311: 42744 | B311: 77 | C311: 0
A312: 42751 | B312: 191 | C312: 0
A313: 42758 | B313: 348 | C313: 1
A314: 42765 | B314: 459 | C314: 1
A315: 42772 | B315: 539 | C315: 2
A316: 42779 | B316: 404 | C316: 3
A317: 42786 | B317: 371 | C317: 4
A318: 42793 | B318: 484 | C318: 4
A319: 42800 | B319: 572 | C319: 1
A320: 42807 | B320: 610 | C320: 1
A321: 42814 | B321: 641 | C321: 1
... A395: 43332 | B395: 1028 | C395: 41
A401: Row Labels | B401: New customer revenue | C401: Returning customer revenue
A402: 42737 | B402: 3933.55 | C402: 19.62
A403: 42744 | B403: 14742.33
A404: 42751 | B404: 28318.24
A405: 42758 | B405: 65484.78 | C405: 104.3
A406: 42765 | B406: 81862.85 | C406: 65.05
A407: 42772 | B407: 89916.53 | C407: 111.07
A408: 42779 | B408: 63365.46 | C408: 338.21
A409: 42786 | B409: 55445.07 | C409: 355.04
A410: 42793 | B410: 83363.31 | C410: 541.44
A411: 42800 | B411: 91323 | C411: 79.52
A412: 42807 | B412: 108514.24 | C412: 478.33
A413: 42814 | B413: 98347.94 | C413: 58.9
A414: 42821 | B414: 98143.64 | C414: 264.99
A415: 42828 | B415: 104707.38 | C415: 1026.58
A416: 42835 | B416: 68837.86 | C416: 517.41
... A487: 43332 | B487: 142427.52 | C487: 4442.52
A493: Row Labels | B493: Sum of new_customer_share
A494: 42737 | B494: 0.9677
A495: 42744 | B495: 1
A496: 42751 | B496: 1
A497: 42758 | B497: 0.9971
A498: 42765 | B498: 0.9978
A499: 42772 | B499: 0.9963
A500: 42779 | B500: 0.9926
A501: 42786 | B501: 0.9893
A502: 42793 | B502: 0.9918
A503: 42800 | B503: 0.9983
A504: 42807 | B504: 0.9984
A505: 42814 | B505: 0.9984
...

Sheet charts
A1: Row Labels | B1: Sum of gross_revenue
A2: garden_tools | B2: 565570.89
A3: auto | B3: 667579.1
A4: cool_stuff | B4: 690166.41
A5: housewares | B5: 755228.81
A6: furniture_decor | B6: 873214.98
A7: computers_accessories | B7: 1031406
A8: sports_leisure | B8: 1114590.7
A9: bed_bath_table | B9: 1223375.5
A10: watches_gifts | B10: 1261075.3
A11: health_beauty | B11: 1405878.3
A26: Row Labels | B26: Sum of orders
A27: toys | B27: 3777
A28: auto | B28: 3796
A29: telephony | B29: 4083
A30: watches_gifts | B30: 5486
A31: housewares | B31: 5717
A32: furniture_decor | B32: 6256
A33: computers_accessories | B33: 6512
A34: sports_leisure | B34: 7499
A35: health_beauty | B35: 8595
A36: bed_bath_table | B36: 9255
A46: Row Labels | B46: Average of aov
A47: air_conditioning | B47: 232.35892
A48: watches_gifts | B48: 243.0335
A49: construction_tools_safety | B49: 271.0893
A50: musical_instruments | B50: 294.8446
A51: small_appliances | B51: 305.77569
A52: fixed_telephony | B52: 330.0094
A53: agro_industry_and_commerce | B53: 411.13878
A54: home_appliances_2 | B54: 414.06803
A55: small_appliances_home_oven_and_coffee | B55: 764.47343
A56: computers | B56: 1282.8316
A57: Grand Total | B57: 387.84455
A68: Sum of gross_revenue | B68: Column Labels
A69: Row Labels | B69: bed_bath_table | C69: computers_accessories | D69: health_beauty | E69: sports_leisure | F69: watches_gifts
A70: 2017
A71: Jan | B71: 6957.56 | C71: 5521 | D71: 23526.65 | E71: 14472.51 | F71: 9822.87
A72: Feb | B72: 20842.77 | C72: 14841.1 | D72: 19112.31 | E72: 23285.48 | F72: 12445.32
A73: Mar | B73: 28397.11 | C73: 28707.16 | D73: 27530.44 | E73: 21582.55 | F73: 26023.89
A74: Apr | B74: 25459.26 | C74: 20374.65 | D74: 23729.91 | E74: 26255.26 | F74: 22653.77
A75: May | B75: 42985.12 | C75: 55551.44 | D75: 57490.66 | E75: 45617.66 | F75: 46203.59
A76: Jun | B76: 39046.54 | C76: 36567.75 | D76: 34342.31 | E76: 34640.27 | F76: 24255.92
A77: Jul | B77: 81432.58 | C77: 50976.3 | D77: 47739.64 | E77: 50536.08 | F77: 45068.45
A78: Aug | B78: 59610.07 | C78: 33446.53 | D78: 48063.33 | E78: 44109.68 | F78: 36997.89
A79: Sep | B79: 59203.01 | C79: 31110.03 | D79: 55336.5 | E79: 54057.79 | F79: 42718.77
A80: Oct | B80: 62537.21 | C80: 52700.29 | D80: 53853.74 | E80: 64374.67 | F80: 79395.85
A81: Nov | B81: 104609.2 | C81: 79509.31 | D81: 91633.93 | E81: 73198.03 | F81: 106568.54
A82: Dec | B82: 49868.77 | C82: 38567 | D82: 58590.02 | E82: 59242.3 | F82: 59646.11
A83: 2018
A84: Jan | B84: 98400.73 | C84: 105947.37 | D84: 94395.19 | E84: 108807.93 | F84: 89562.41
A85: Feb | B85: 73324.81 | C85: 118493.48 | D85: 100423.64 | E85: 87363.89 | F85: 69474
A86: Mar | B86: 73997.34 | C86: 87291.47 | D86: 84375.95 | E86: 87373.2 | F86: 94485.7
A87: Apr | B87: 101193.46 | C87: 75671.52 | D87: 124741.88 | E87: 91741.63 | F87: 126022.42
A88: May | B88: 73768.33 | C88: 51302.5 | D88: 93857.69 | E88: 55957.37 | F88: 104875.8
A89: Jun | B89: 81730.93 | C89: 48769.3 | D89: 114205.31 | E89: 51325.01 | F89: 89273.94
A90: Jul | B90: 83828.3 | C90: 60372.06 | D90: 149054 | E90: 73962.53 | F90: 118692.8
A91: Aug | B91: 56182.41 | C91: 35685.74 | D91: 103875.21 | E91: 46686.83 | F91: 56887.3
A103: is_instrastate | B103: FALSE
A105: Row Labels | B105: Sum of orders
A106: SP -> GO | B106: 1460
A107: SP -> ES | B107: 1490
A108: SP -> SC | B108: 2364
A109: SP -> BA | B109: 2384
A110: MG -> SP | B110: 2627
A111: PR -> SP | B111: 3004
A112: SP -> PR | B112: 3167
A113: SP -> RS | B113: 3656
A114: SP -> MG | B114: 7569
A115: SP -> RJ | B115: 8435
A123: State Lanes by Orders | B123: Customer
A124: Seller | B124: SP | C124: RJ | D124: MG | E124: RS | F124: PR | G124: SC | H124: BA | I124: DF | J124: ES | K124: GO
A125: SP | B125: 31334 | C125: 8435 | D125: 7569 | E125: 3656 | F125: 3167 | G125: 2364 | H125: 2384 | I125: 1412 | J125: 1490 | K125: 1460
A126: MG | B126: 2627 | C126: 1192 | D126: 1563 | E126: 282 | F126: 367 | G126: 258 | H126: 379 | I126: 193 | J126: 180 | K126: 155
A127: PR | B127: 3004 | C127: 1002 | D127: 837 | E127: 594 | F127: 724 | G127: 397 | H127: 147 | I127: 151 | J127: 108 | K127: 90
A128: RJ | B128: 1369 | C128: 979 | D128: 562 | E128: 207 | F128: 206 | G128: 117 | H128: 138 | I128: 102 | J128: 100 | K128: 108
A129: SC | B129: 1342 | C129: 481 | D129: 439 | E129: 298 | F129: 287 | G129: 265 | H129: 84 | I129: 70 | J129: 52 | K129: 56
A130: RS | B130: 682 | C130: 247 | D130: 190 | E130: 290 | F130: 142 | G130: 119 | H130: 42 | I130: 49 | J130: 24 | K130: 23
A131: DF | B131: 314 | C131: 101 | D131: 101 | E131: 22 | F131: 28 | G131: 21 | H131: 36 | I131: 50 | J131: 19 | K131: 30
A132: BA | B132: 141 | C132: 85 | D132: 53 | E132: 22 | F132: 11 | G132: 16 | H132: 70 | I132: 17 | J132: 11 | K132: 8
A133: GO | B133: 130 | C133: 58 | D133: 85 | E133: 13 | F133: 9 | G133: 10 | H133: 8 | I133: 29 | J133: 5 | K133: 31
A134: PE | B134: 105 | C134: 43 | D134: 62 | E134: 13 | F134: 9 | G134: 9 | H134: 26 | I134: 16 | J134: 17 | K134: 12
A140: Row Labels | B140: Sum of orders | C140: Average of late_delivery_rate | D140: Average of avg_review_score | E140: Average of avg_delivery_days
A141: SP -> SP | B141: 31334 | C141: 0.044113953 | D141: 4.1166279 | E141: 8.4231395
A142: SP -> RJ | B142: 8435 | C142: 0.095716279 | D142: 3.8409302 | E142: 14.747093
A143: SP -> MG | B143: 7569 | C143: 0.037730233 | D143: 4.080814 | E143: 11.878837
A144: SP -> RS | B144: 3656 | C144: 0.051782353 | D144: 4.0169412 | E144: 15.551412
A145: SP -> PR | B145: 3167 | C145: 0.040175294 | D145: 3.9906977 | E145: 12.912
A146: PR -> SP | B146: 3004 | C146: 0.031713953 | D146: 4.165814 | E146: 10.714884
A147: MG -> SP | B147: 2627 | C147: 0.032838824 | D147: 4.1434118 | E147: 10.837294
A148: SP -> BA | B148: 2384 | C148: 0.097777647 | D148: 3.806 | E148: 19.052824
A149: SP -> SC | B149: 2364 | C149: 0.081329412 | D149: 3.9649412 | E149: 15.355647
A150: MG -> MG | B150: 1563 | C150: 0.023556471 | D150: 4.2517647 | E150: 8.6205882
A151: SP -> ES | B151: 1490 | C151: 0.090513953 | D151: 3.9965116 | E151: 14.978721
A152: SP -> GO | B152: 1460 | C152: 0.054444048 | D152: 3.9885714 | E152: 15.592857
... A233: DF -> SP | B233: 314 | C233: 0.021995 | D233: 4.1235802 | E233: 10.769125
A238: Average of repeat_rate_90d | B238: Column Labels | F238: weighted_repeat_rate_90d_overall = 2.11%
A239: Row Labels | B239: FALSE | C239: TRUE | D239: lift_vs_on_time
A240: high_4_5 | B240: 0.0206 | C240: 0.0212 | D240: =GETPIVOTDATA("repeat_rate_90d",$A$238,"late_delivery",TRUE,"review_bucket","high_4_5")-GETPIVOTDATA("repeat_rate_90d",$A$238,"late_delivery",FALSE,"review_bucket","high_4_5") -> 0.0006
A241: low_1_2 | B241: 0.0266 | C241: 0.0163 | D241: =GETPIVOTDATA("repeat_rate_90d",$A$238,"late_delivery",TRUE,"review_bucket","low_1_2")-GETPIVOTDATA("repeat_rate_90d",$A$238,"late_delivery",FALSE,"review_bucket","low_1_2") -> -0.0103
...
